titulo,fecha,recinto,hora,duración,precio,descripción,link_compra,imagen url
ALLINONE,12 de Nov.,AUDITORIO ALFREDO KRAUS,12:00,No definido,Desde 3.50 €,"Promuscan presenta una nueva edición de 'Allinone', el espectro sonoro de un solo instrumento con obras de autores contemporáneos canarios. 
Con la interpretación de la destacada flautista Carmen Ojeda, acompañada por electroacústica, presentando piezas como Asleep, my love, de Daniel Roca y El Bosque Encantado, de Tomás Rivero, entre otras cinco composiciones canarias.

Promuscan y el Auditorio Alfredo Kraus te ofrece la oportunidad de conocer las nuevas obras canarias creadas para un instrumento con una nueva edición de 'Allinone', con Carmen Ojeda como solista de flauta acompañada con electroacústica. 
Se trata de una experiencia musical única con composiciones de autor canario para flauta sola o con electroacústica con una nueva edición de 'Allinone', los conciertos impulsados por Promuscan dedicados a obras escritas para un solo instrumento, basados en la idea de que el creador debe condensar un concepto en el espectro sonoro de un solo instrumento, que podría estar repartido o extendido en un formato instrumental superior en texturas y otras posibilidades. 
'Allinone' hace referencia a ese juego de palabras del inglés que significa concentrar todo el material en una sola herramienta instrumental: ‘all in one’. 
Para esta ocasión, la solista Carmen Ojeda, destacada flautista, nos deleitará con su talento, acompañada de electroacústica, presentando piezas como Asleep, my love de Daniel Roca y El Bosque Encantado, de Tomás Rivero, entre otras cinco composiciones canarias.
Este concierto es una oportunidad para apreciar la riqueza y diversidad de la música canaria contemporánea.
facebook.com/promuscan
youtube.com/@promuscan
instagram.com/promuscan",https://entrees.es/checkout/allinone/11109,https://media.entrees.es/fbdd315cd54e4212e2f3e3f25335ec6c.webp?q=822ea50dd489887d5ea37f62afff3b5a
REVOLVER,12 de Nov.,AUDITORIO ALFREDO KRAUS,19:00,No definido,Desde 17.50 €,"Revólver presenta nueva gira “Adictos a la Euforia”. Frente a los tiempos convulsos y llenos de incertidumbre que vivimos, Adictos a la Euforia es una declaración de intenciones, un álbum contundente y sin nostalgia que invita a ver las cosas desde otro lugar. Carlos Goñi, más protagonista que nunca de su propio proyecto al frente de Revólver, presenta un concierto con sus temas de siempre y las nuevas canciones de este nuevo álbum lleno de buenas canciones.",https://entrees.es/checkout/revolver/10968,https://media.entrees.es/ee6006881f79e8ad19c13a5ffc4a28e4.webp?q=aec929eaf72f65ae779b1769c0c9ed9e
CASAFOBIA,16 de Nov.,Teatro Víctor Jara,20:00,1 Horas,Desde 8.00 €,"Una niña muy desinquieta acude a terapia de la mano de su padre. Ella trae ya un nombre para su problema: tiene Casafobia, no soporta estar en la casa, se le cae encima y sólo quiere estar en la calle bailando. El terapeuta, incrédulo se ríe de ella y de su síndrome inventado, pero horas después cuando regresa a casa después del trabajo recibe tres sorprendentes visitas: los fantasmas de su casafobia pasada, presente y futura.
  Autor y dirección del espectáculo: Luis R. Lorite
Apoyo en la dramaturgía: Pamela Palenciano y Fernando López
Reparto: Cathy Pulido, Álbaro Expóxito y Juan León

n únicamente un monólogo. Es un espectáculo que combina lo que y cómo",https://entrees.es/checkout/casafobia/11007,https://media.entrees.es/131b5f12ec61b344c83447ef11e91da8.jpg
AMA,Varias fechas,TEATRO PÉREZ GALDÓS,HORAS EN ENLACE DE COMPRA,No definido,Desde 18.00 €,"El nuevo proyecto teatral de la compañía Marie de Jongh expone, sin palabras ni artificios, los sentimientos humanos.",https://entrees.es/checkout/ama/10978,https://media.entrees.es/0f4428f9658d1fe5d6c33da2d5776dd9.webp?q=b0a90c5460e7fc1f10a3713debeb4222
EL NOMBRE DE LA ROSA,17 de Nov.,Teatro Víctor Jara,20:30,1 Horas 30 Minutos,Desde 12.00 €,"Abubukaka trae a las tablas una adaptación de El nombre de la rosa en clave de comedia. Esta adaptación respeta la carcasa de las dos tramas de la novela, pero rellenándolas de gracia terrena.
Si bien en nuestra adaptación la causa franciscana quedará un tanto eclipsada por un aspecto de la misma que es la que justifica este proyecto: El valor del conocimiento. Abubukaka pretende contemplar a través de las lentes de Guillermo de Baskerville la fuente de la verdad, corroborar que la fuente es fiable y, entonces y solo entonces, emitir un juicio. Para ello habrá que disipar el misterio, doblegar al miedo y domesticar al apocalipsis, y la mejor manera de hacerlo es la comedia, y es que como bien dice la propia novela: ""La risa mata el miedo y sin el miedo ya no hay necesidad de Dios.”
  Autor del espectáculo: Adaptación libre de Umberto Ecco por Abubukaka
Dirección del espectáculo: Abubukaka
Ayudante de dirección: Fran Pedrianes
Reparto: Amanhuy Cala Yanes, Diego Lupiáñez Frías, Carlos Jonás Pedrós Benítez y Víctor Gutiérrez Ferrera",https://entrees.es/checkout/el-nombre-de-la-rosa/10823,https://media.entrees.es/1562cf325ba7ad4446c237473e7a5e9c.jpg
"""YO TAMBIÉN FUI HETERO"" DE OMAYRA CAZORLA",17 de Nov.,"Centro Cultural Federico García Lorca, Ingenio",20:30,1 Horas 15 Minutos,10.00 €,"  Ironía, picardía y humor se unen para contar una historia desde la perspectiva de una lesbiana. Sí, yo también fui hetero. Yo también he probado a un hombre. Y él me ha probado a mí. Yo también puedo hablar de ello, aunque muchas veces
intente parecer mujer de mujer. Solo mujeres. Yo que tú, si eres hombre, vendría.
Yo que tú, si estás con un hombre, lo animaría a venir. Todo es posible dentro del mundo de Omayra Cazorla. Eso sí, no vengan con niñ@s a no ser que tu educación sea libre. Advertidos quedan.
#loquehay",https://entrees.es/checkout/yo-tambien-fui-hetero-de-omayra-cazorla/11035,https://media.entrees.es/5c4e687a0a9af7f172de4481366381d4.webp?q=e19515733dfd587a545f5ae9c66a71d3
"ANIMUNDO, Feria del Animal de Compañía",18 y 19 de noviembre,"Infecar, Feria de Gran Canaria",HORAS EN ENLACE DE COMPRA,9 Horas 30 Minutos,1.50 €,"ANIMUNDO, Feria del Animal de Compañía
Animundo, Feria del Animal de Compañía, promovida por el Cabildo de Gran Canaria y organizada por Infecar, Feria de Gran Canaria, es un encuentro para los profesionales, familias y amantes de los animales que deseen encontrar en un mismo espacio, productos y servicios para el cuidado responsable de los animales de compañía (en ningún caso la venta de animales). Un espacio donde promover la salud, el cuidado, bienestar y tenencia responsable y respetuosa de animales de compañía y donde se podrá disfrutar de un amplio programa de actividades con charlas, talleres, exhibiciones y pasarela de adopciones de perros o gestionar citas con el Albergue Insular de Animales de Gran Canaria para formalizar posteriormente otras adopciones de perros y gatos. Además, se contará con área de restauración, Pipi Can, parque canino con piscina y zona de exhibiciones.
Se permitirá a los visitantes acceder al recinto con su perro, siempre que este sea su propietario o persona debidamente autorizada y previo cumplimiento de las normas de acceso establecidas y que están publicadas en www.animundo.es",https://entrees.es/checkout/animundo-feria-del-animal-de-compania-2023/11116,https://media.entrees.es/9ba1ae03b9901895f77d548b3a7af0f5.webp?q=d0cc68bb3e6fb3cd0b2de703188a81f8
EL MONAGUILLO. ¿SÓLO LO VEO YO?,18 de Nov.,Teatro Víctor Jara,20:00,1 Horas 15 Minutos,Desde 20.00 €,"¿Sólo lo veo yo? Sergio Fernández El Monaguillo. A punto de cumplir 20 años subido a los escenarios, y le siguen dejando… ¡¡Vuelve Sergio Fernández “EL MONAGUILLO”!! Con un espectáculo realmente divertido,
¡No te lo puedes perder! Sus mejores monólogos, antología de sus divertidas reflexiones, y hasta un paseo por su infancia con las películas que más le han marcado… Bailaremos, cantaremos y será una fiesta… o ¿solo lo veo yo? Podríamos decirte que es el último espectáculo de El Monaguillo, pero no...
Aún le queda mucha hipoteca que pagar. ¡Por eso no puedes perdértelo! Tiene más hambre de comedia que nunca... Lo has visto en EL HORMIGUERO, ME RESBALA, y muchos programas más, ahora lo tendrás en su espectáculo y al alcance de la mano, pero cuidado con los relojes que le queda mucha hipoteca por pagar... Magia, prestidigitación, hipnosis... ¡No hace nada de eso, pero te prometemos que te reirás! 100% Monaguillo para todos los públicos.",https://entrees.es/checkout/el-monaguillo-solo-lo-veo-yo/10820,https://media.entrees.es/31c014b71739dab6d243ed9ebe118d21.jpg
EL LAGO DE LOS CISNES,18 de Nov.,AUDITORIO ALFREDO KRAUS,20:00,No definido,Desde 25.00 €,"Obra magistral de Tchaikovsky y del ballet clásico. Una leyenda eterna que narra la historia del Príncipe Sigfrido enamorado de la bella princesa Odette, hechizada esta por un malvado brujo que la convierte en cisne-mujer. La fuerza del amor que sienten los jóvenes les liberará de todo maleficio.

La International Ballet Company, aclamada compañía integrada por solistas de Moldavia, Ucrania e Italia entre otros países, nos invita, dentro de su Gira de Invierno 2023, a disfrutar de una de las obras más emblemáticas del repertorio clásico de ballet, el “Lago de los Cisnes”.
LAGO DE LOS CISNES
Obra magistral de Tchaikovsky y del ballet clásico. Una leyenda eterna que narra la historia del Príncipe Sigfrido enamorado de la bella princesa Odette, hechizada esta por un malvado brujo que la convierte en cisne-mujer. La fuerza del amor que sienten los jóvenes les liberará de todo maleficio.",https://entrees.es/checkout/el-lago-de-los-cisnes/9050,https://media.entrees.es/42e43d0038ccb1eea153590289a1837e.webp?q=d9e7e3f2c80fa39cf038002082a82e86
ETÉREO,19 de Nov.,Teatro Municipal Juan Ramón Jiménez,12:00,1 Horas,10.00 €,"ETÉREO. Un espectáculo de magia de Samuel Moreno
   ",https://entrees.es/checkout/etereo/11082,https://media.entrees.es/bcc4d8a908ae85687996482cee8158cd.webp?q=58d37ec678833c20be448f505bda1b46
Concierto Barrios Orquestados,19 de Nov.,AUDITORIO ALFREDO KRAUS,19:00,No definido,Desde 10.00 €,"Barrios Orquestados celebra su concierto benéfico de invierno con una actuación de los niños y niñas de Gran Canaria, junto al coro de sus familiares, y con la colaboración especial de Marina Carmona, una de las voces más destacadas en la actualidad del panorama musical español.
De la mano de José Brito, más de 200 estudiantes de música, además del canto coral y del coro de Sensibilización Musical, subirán al escenario para mostrar todo el trabajo que llevan realizando durante el curso. 

Barrios Orquestados ofrecerá su concierto de final de temporada, concierto de invierno, con la colaboración especial de la Fundación Auditorio y Teatro de Las Palmas de Gran Canaria. Como cada año contarán con la colaboración de un artista invitado emergente o de largo recorrido. En esta ocasión compartirán escenario con Marina Carmona, una de las voces más destacadas en la actualidad del panorama musical español, e hija del insigne Antonio Carmona de Ketama.
En esta actuación solidaria, el alumnado y familiares de las sedes de Tamaragua (fusión de los barrios de Tamaraceite + Guanarteme), Ciudad Alta, Riscono (fusión de Risco de San Nicolás + Cono Sur), Jinámar, Montaña Los Vélez y La Isleta mostrarán todo el trabajo que llevan realizando durante el curso. Subirán al escenario con un artista invitada muy especial.
En este espectáculo benéfico participan cerca de 200 alumnos y alumnas que estudian instrumentos como el violín, viola, violonchelo, contrabajo, flauta, clarinete, requinto y el saxo, además de canto coral, con el apoyo del coro de Sensibilización Musical en el que participan más de 80 familiares. La gran orquesta hará gala de su talento y esfuerzo desempeñado gracias a la metodología musical desde lo social que impulsa Barrios Orquestados.
Barrios Orquestados es un proyecto pedagógico con fines artísticos, social y de carácter pedagógico, que pretende crear orquestas de cuerda frotada (violines, violas, violonchelos y contrabajos) en todos los barrios periféricos de las islas del Archipiélago canario que tienen necesidades especiales a nivel social y cultural.  Fue Imaginado por el músico José Brito, el 9 de abril de 2012 y  la iniciativa ya ha llegado a muchos de los niños de Gran Canaria, Tenerife, Lanzarote y Fuerteventura. 
Con once años de historia, Barrios Orquestados atiende a día de hoy a más 380 alumnos y a 230 familiares de Canarias, que cada día reciben formación musical de manera gratuita y sin necesidad de adquirir un instrumento ya que la organización lo facilita en calidad de préstamo.
En el año 2018 Barrios Orquestados dio su primer salto internacional para la implantación del proyecto, trasladándose hasta Honduras. Respondiendo a la invitación cursada por la ONG local ACOES y el grupo Canarias con Honduras, un equipo de profesionales formó a jóvenes voluntarios, trabajando con un numeroso grupo de niños y niñas y sus familiares, en la colonia Ramón Amador de Tegucigalpa. En 2019 volvió a repetir la experiencia, creando un nuevo grupo en la colonia Nueva Capital, también de Tegucigalpa. Así mismo, su expansión internacional les ha llevado a implantarse en Lo Abarca (Chile).
Su gestión corre a cargo de la Asociación Cultural Orquesta Clásica Béla Bartók, que cuenta con el apoyo de diversas instituciones y empresas privadas. La inestimable confianza depositada durante este periodo ha permitido que Barrios Orquestados continúe creciendo cada año. 
A estas colaboraciones hay que sumar en esta ocasión la que ofrece para este concierto especialmente la Fundación Canaria Auditorio y Teatro de Las Palmas de Gran Canaria.",https://entrees.es/checkout/concierto-barrios-orquestados/10075,https://media.entrees.es/4db8c678d459aa9f85b0a1499b176ccb.webp?q=5518c47dc4398772358c5d9378871dac
XXI Homenaje a Alfredo Kraus,24 de Nov.,AUDITORIO ALFREDO KRAUS,20:00,No definido,Desde 12.00 €,"Como cada año, la Fundación Auditorio y Teatro de Las Palmas de Gran Canaria rinde homenaje al tenor Alfredo Kraus en el día del aniversario de su nacimiento. En esta ocasión, los intérpretes del concierto a celebrar serán la soprano Yolanda Auyanet, el maestro Karel Mark Chichon y la Orquesta Filarmónica de Gran Canaria.

Desde 2002, la Fundación Auditorio y Teatro de Las Palmas de Gran Canaria rinde homenaje a la figura del ilustre grancanario en el día del aniversario de su nacimiento, con un tradicional evento musical que lo recuerda.
El XXI Homenaje a Alfredo Kraus consistirá en un concierto sinfónico vocal que cuenta con la colaboración del Cabildo de Gran Canaria, la Fundación Orquesta Filarmónica de Gran Canaria y la Fundación Internacional Alfredo Kraus.
La conmemoración de este año dará comienzo con una ofrenda floral ante el busto de Alfredo Kraus que preside el hall del Auditorio que lleva su nombre. A este acto seguirá, el viernes 24 de noviembre a las 20:00 horas, un concierto protagonizado por la soprano Yolanda Auyanet, el maestro Karel Mark Chichon y la Orquesta Filarmónica de Gran Canaria.",https://entrees.es/checkout/xxi-homenaje-a-alfredo-kraus/11113,https://media.entrees.es/c77382d42d6466dbc200fd241cb09888.webp?q=ba1acca2aa2a54be54c3184956e7b62d
Mararía la de Femés,24 de Nov.,Teatro Municipal Juan Ramón Jiménez,20:30,1 Horas,10.00 €,"Mararía la de Femés
  Mararía la de Femés: la innovadora versión de Yeray Rodríguez y Mario Vega inspirada en la obra canaria de Arozarena
Este año 2023 se celebra el centenario del nacimiento del escritor tinerfeño Rafael Arozarena (1923-2009) y, además, se cumple el cincuenta aniversario de su clásico de la literatura canaria Mararía (1973).
Y en este año, también dos artistas canarios, Yeray Rodríguez y Mario Vega presentan en Segunda Lectura: ‘Mararía la de Femés’, una oportunidad de reflexión sobre la herencia de un patriarcado instalado en la genética histórica y social que ha llegado a nuestros días en la voz de muchas Marías, de todas las Marías.
Yeray Rodríguez es el artífice de esta versión innovadora que da voz a una Mararía silenciada y relegada al olvido porque, según el propio Arozarena, “ahora por estar vieja nadie recuerda quién fue”. Esta revisitación de una de las obras cumbre de nuestra literatura se consigue debido a que la historia que destaca el autor no es solo la historia de Mararía la de Femés, es la historia de todas las Marías, de todas esas mujeres desplazadas, marginadas y olvidadas.
Por su parte, Mario Vega imprime el sello estético en sus montajes, con un imaginario amplio y rico en multitud de universos, códigos y lenguajes, desde el patrimonio cultural de la literatura canaria.
El diseño de la propuesta está pensado para conseguir una atemporalidad de la versión, por lo que se produce una descontextualización en toda la estética del montaje. Además, la creatividad de la pieza se manifiesta en el espacio sonoro. De esta manera, se da en todo momento una multiplicidad de lenguajes, pues conversan la música y la poesía con distintos códigos audiovisuales y teatrales.
Me llamo María y soy de Femés, del sur y de abajo. Me llamo María, pero soy muchas marías. Todas las marías: las que llevan calladas desde antes de nacer y las que llevan gritando sin ser escuchadas desde que se cuenta el tiempo. Todas las bocas me apuntan, todos los dedos me señalan y todos los ojos me buscan, pero ningún oído me conoce. Es hora de dar voz a las marías, que han sido muchos siglos de silencio. Es hora de juntar en mi garganta la amarga soledad de tantas vidas y es hora de brindar por las valientes, que fueron ellas mismas pese a todo. Me llamo María y soy de Femés, del sur del sur. Soy todas las marías, tengo todos los nombres y todas las tragedias y guardo bajo mi piel de volcán, palabras que hierven, que no tienen sentido bajo tierra.
Mararía, la de Femés",https://entrees.es/checkout/mararia-la-de-femes-juan-ramon/11086,https://media.entrees.es/d345cfafa2b39a622221a78d629dc844.webp?q=a967c5ad6fbb86bcb7a7992fa4a3568c
CONCHITA EN CONCIERTO,24 de Nov.,Teatro Víctor Jara,20:30,1 Horas 30 Minutos,Desde 15.00 €,"Conchita es una compositora, multinstrumentista y cantante española, que pasó gran parte de su niñez en Francia, por lo que sus creaciones se han visto a menudo influenciadas por la cultura de este país.
Si tenemos que definir la música de Conchita en pocas palabras podemos decir que esta autora confecciona himnos para las pequeñas cosas que hacen la vida más feliz y bonita.
Ahora llega para presentar su nuevo disco “La bola de nieve”, diez canciones que pasan por todo tipo de emociones, canciones que te harán bailar, llorar, pensar, y replantearte muchas cosas.
Una explosión de sonido y colores con canciones como ""Cualquiera menos yo"", ""No soy yo, eres tú"" o ""Por las veces""",https://entrees.es/checkout/conchita-en-concierto/10824,https://media.entrees.es/0972f55eef547b9d9131aff4dbbefc7a.jpg
ESPERANDO A LUCKY,25 de Nov.,TEATRO PÉREZ GALDÓS,18:00,No definido,Desde 7.50 €,"Fantasía y aventura en esta función para toda la familia. Una divertida historia con música en directo que hará las delicias de niños, niñas y mayores.",https://entrees.es/checkout/esperando-a-lucky/10984,https://media.entrees.es/4ca836d852708128aee0d0fef524ffa3.webp?q=0d214260f3c4c9e1d8b5297c3381f681
SATURDAY NIGHT Disco,Varias fechas,AUDITORIO ALFREDO KRAUS,HORAS EN ENLACE DE COMPRA,No definido,Desde 40.00 €,"El mayor espectáculo con los nº 1 de la música disco en todo el mundo. 
Una mega producción basada en el movimiento musical de la discoteca STUDIO 54 de Nueva York, a través del programa de radio 'SATURDAY NIGHT Disco' de la emisora más importante de la ciudad de los rascacielos, y donde cada noche nos deleita con los hits más influyentes que revolucionaron las pistas de baile de todo el planeta.
Un apasionante espectáculo con las Canciones que cambiaron las tendencias, los estilos y las modas en todo el globo.
Desde Barry White, Donna Summer, Gloria Gaynor, Tina Charles o Bee Gees, hasta Kool & The Gang, Village People, Earth Wind & Fire ... 
Cantantes internacionales
Bailarines
Gran banda disco compuesta por prestigiosos músicos
Espectacular escenario a distintas alturas
Imponente despliegue de sonido, luces, pantallas…
¡Déjate llevar por el espectáculo que te hará vibrar desde el primer minuto!",https://entrees.es/checkout/saturday-night-disco/10659,https://media.entrees.es/f722914860151f9c723b70ab08bc1e03.webp?q=2375bf2d09f0c21c569cc73224e7de69
GRUPOS MÍTICOS. CONCIERTO DE SANTA CECILIA,25 de Nov.,Teatro Víctor Jara,20:00,1 Horas 30 Minutos,Desde 7.00 €, ,https://entrees.es/checkout/grupos-miticos-concierto-de-santa-cecilia/11028,https://media.entrees.es/e0597919d84333afebdd5acce94e2e55.jpg
LOS ZIGARROS - Gira ACANTILADOS,25 de Nov.,Teatro Municipal Juan Ramón Jiménez,20:30,1 Horas,25.00 €,"LOS ZIGARROS - Gira ACANTILADOS
  Los chicos atacan de nuevo, y de qué manera. Tras cuatro años de silencio discográfico lanzan su primer álbum con Cultura Rock Records. Su acertado título, Acantilados, es una definición gráfica de su contenido. Altura, vértigo, riesgo al recorrer terrenos no transitados. Porque en su interior encontramos a Los Zigarros que todos conocemos, pero se desplazan hacia territorios adyacentes, enriqueciendo su propuesta. Mantienen su mordiente, su punch, esos riffs que cortan la respiración, pero añaden arreglos pluscuamperfectos y ajustados, detalles que aparecen cuando menos lo esperas y unas letras que exponen las diferentes caras del amor.

Amor, sí. El disco es una explícita declaración de amor, con el éxtasis que produce dejar que penetre en tu interior y las dudas que siempre provoca el inicio de una relación a tumba abierta. La expresiva voz de Ovidi viaja por él, por el amor, y lo hace desnudándose sin ocultar ninguna carta en la manga. No hay trampas. Hay sentimientos cabalgando sobre implacables melodías rock, ese rock que les ha situado en cabeza de la escena musical nacional.

Así, al boogie marca de la casa, dirigiendo piezas como ""Acantilados"" o ""Rock rápido"", y a esas siempre presentes influencias de los sonidos acuñados en los 70's, escúchese ""Casarme contigo"", ""Como quisiera"" o un ""No pain no gain"" puro Stone, le suman ahora canciones como ""Por fin"" o ""Barcelona"", que podría haber firmado en su momento el mejor Ian Hunter junto a sus Mott The Hoople. E incluso se marcan un paseo por ritmos cercanos a la música disco en la bailable ""100.000 bolas de cristal"". Influencias añejas para un sonido fresco y una interpretación sobresaliente. Su base rítmica nunca falla, sus guitarras tampoco, y la mayor presencia de teclados enriquece poderosamente el resultado. Cuando llegas a la desnuda despedida bautizada ""El monstruo"", resulta imposible no regresar a la casilla de salida.

Producido por Leiva y grabado en el Estudio 1 de Colmenar Viejo, Acantilados debe haber supuesto un serio problema a la hora de escoger los singles del mismo: hay mucho y muy bueno donde elegir, como demuestra el primer adelanto, ""Aullando en el desierto"". Un éxito en potencia. Uno más entre once candidatos. ¿Su mejor disco hasta el momento? Pueden apostar que sí sin miedo a perder...

ALFRED CRESPO. (RUTA 66)

BANDA
Ovidi Tormo: Voz principal y guitarras
Álvaro Tormo: Guitarras
Natxo Tamarit: Bajo y coros
Adrián Ribas: Batería y coros.",https://entrees.es/checkout/los-zigarros-gira-acantilados/11016,https://media.entrees.es/16b40ad9fcb209562803cd291b4f6fda.webp?q=af97b3f222f9552957e899f7dda0e952
MARIA PELAE,26 de Nov.,AUDITORIO ALFREDO KRAUS,19:00,No definido,Desde 27.00 €,"Festival Mar Abierto cierra su 17ª temporada con la versatilidad, mezcla de ritmos, teatralidad, diversión y flamencura de la cantautora malagueña María Peláe.

Festival Mar Abierto concluye su 17ª temporada con una artista única y que no deja indiferente a nadie, María Peláe. La cantautora malagueña, con más de doce años de carrera musical a sus espaldas, se caracteriza por sus letras comprometidas y elaboradas, cargadas de crítica social y la mezcla de ésta con el sonido más actual. Música con acento andaluz y de producción internacional, original donde las haya hasta ser tan popular para convertirse en el dicho “Esto suena a Peláe” que se oye mucho en los mentideros musicales. 
Peláe nos presenta un show donde la teatralidad, la diversión, la flamencura; así como sus ya característicos pregones no pasan desapercibidos, un directo completo y comprometido que consigue llevarte de la risa a la emoción en cuestión de segundos.
María Peláe saca su primer disco de estudio 'Hipocondría' en 2016 financiado a través de crowdfunding. Pero no es hasta de 2019 cuando se mete de lleno en un nuevo proyecto completamente innovador: su single En casa de herrero, que presenta en el escenario del Pride. Después llegó La Niña. Le sigue: Y quien no, La Confesión, La Quería... Todo un repertorio fresco y lleno de mensaje con el que se lanza en 2020 a la 'Gira La Niña', colgando el cartel de soldout en la mayoría de salas y teatros, incluidos la mítica sala de La Riviera en Madrid, la Plaza de Toros de Málaga, o el Teatro Circo Price de Madrid. Un año después, inicia una nueva gira, 'La Que Estoy Formando', en la que estrena su último single Mi tío Juan, y con la que  vuelve a revolucionar el panorama musical.
 ",https://entrees.es/checkout/maria-pelae-/10973,https://media.entrees.es/460be6c4cbe5160a091515f00b835310.webp?q=6c0dbc3bae64996e0796eba6be3f4e83
EN OTRA CLAVE,29 de Nov.,Teatro Cuyás,20:00,No definido,Desde 10.00 €,"En Otra Clave es el programa de ficción más visto de la Televisión Canaria. Parte de su éxito se explica por su formato que le permite mantenerse cercano al público. Se trata de un show itinerante que recorre los teatros de las Islas para realizar las grabaciones de cada capítulo.

Esto le permite contar con música en directo gracias a los componentes de su banda. El formato teatro-televisivo permite que el público pueda disfrutar del humor de En Otra Clave en directo desde los teatros y en su retransmisión por la Televisión Canaria.",https://entrees.es/checkout/en-otra-clave-cuyas/10160,https://media.entrees.es/1b48e02ccf86d147844fb1d0debbc38a.webp?q=f45574117eab03649a494d23bc3e653b
ALFREDO RDGUEZ. TRIO,29 de Nov.,AUDITORIO ALFREDO KRAUS,20:30,No definido,Desde 10.80 €,"Uno de los pianistas más relevantes del momento, el cubano Alfredo Rodríguez, inaugura el VII Festival Internacional 'El mundo en un piano', que se celebra del 29 de noviembre al 3 de diciembre. 
Con 'Alfredo Rodríguez Trío' ofrecerá un concierto caracterizado por su habilidad en el manejo del jazz, el funk, la música cubana e incluso la clásica contemporánea, entremezclando boleros con cualquier ritmo con pasión y vitalidad, demostrando su capacidad para improvisación sin fronteras.

Una de las figuras internacionales más relevantes del momento: el pianista cubano Alfredo Rodríguez, nominado al Grammy, inaugura con su trío El ‘VII Festival Internacional ‘El mundo en un piano’, que se celebrará del 30 de noviembre al 3 de diciembre de 2023.
Alfredo Rodríguez es un excelente ejemplo de pianista de jazz de gran talento al estilo de los legendarios Keith Jarrett, Thelonious Monk y Art Tatum. Educado en los rigurosos conservatorios clásicos de La Habana, el fascinante arte de Rodríguez, nacido en Cuba, procede de sus raíces, pero también de la la influencia de compositores como Bach o Stravinsky.
El ‘VII Festival Internacional ‘El mundo en un piano’
'Alfredo Rodríguez Trío' inaugura El ‘VII Festival Internacional ‘El mundo en un piano’, coorganizado por la Fundación Auditorio y Teatro Las Palmas de Gran Canaria y Fábrica La Isleta, que se celebrará del 30 de noviembre al 3 de diciembre de 2023. 
El festival congrega una variedad de artistas consagrados como José Luis Castillo, Federico y Mario Prisuelos (30 de noviembre), a los que se unirán jóvenes intérpretes como Alicia González de la Fe y Luis Sánchez (1 de diciembre) que aportarán frescura a la propuesta. 
Como clausura, ‘Memorial Tete Montoliu’ (2 de diciembre) nos darán la oportunidad de disfrutar del concierto interpretado por Ignacio Terrasa (piano), Horacio Fumero (contrabajo), David Xirgu (Batería), Laura Simó (voz) y José Alberto Medina (piano).
El Auditorio Alfredo Kraus presenta un ‘Bono Piano’ que permite acceder a todos los conciertos de esta séptima edición y llegar así a nuevos públicos.",https://entrees.es/checkout/alfredo-rdguez-trio/11061,https://media.entrees.es/7837a1f4e615844a52aeeb5d0e5d38dd.webp?q=a0dd705fb6d611b00d159cf09b5afd92
Play Schubert - Ligeti&Ligeti,30 de Nov.,AUDITORIO ALFREDO KRAUS,20:00,No definido,Desde 9.00 €,"José Luis Castillo presenta a Federico Lechner & Mario Prisuelos. Los dos pianistas más relevantes del panorama actual , con el concierto: 'Play Schubert / Ligeti & Ligeti', en el marco del 'VII Festival Internacional El mundo en un piano', que se celebra hasta el próximo 3 de diciembre. 
'Play Schubert. / Ligeti & Ligeti' es un diálogo entre la improvisación, el jazz y la música del compositor húngaro György Ligeti, uno de los iconos musicales del siglo XX, al que homenajeamos en el 100 aniversario de su nacimiento. 

José Luis Castillo presenta a Federico Lechner & Mario Prisuelos, con 'Play Schubert. / Ligeti & Ligeti' Una novedosa propuesta que plantea una revisión de la música del compositor húngaro  György Ligeti, en diálogo con el mundo de la improvisación y el jazz de la mano de dos de los pianistas más relevantes del panorama actual, ambos reconocidos conocedores de la música de Ligeti para piano.
En 2023 se cumplen 100 años del nacimiento del compositor húngaro György Ligeti (1923-2006), que representa uno de los iconos musicales del siglo XX. 
El ‘VII Festival Internacional ‘El mundo en un piano’
El ‘VII Festival Internacional ‘El mundo en un piano’, coorganizado por la Fundación Auditorio y Teatro Las Palmas de Gran Canaria y Fábrica La Isleta, se celebrará del 30 de noviembre al 3 de diciembre de 2023, presentando un cartel con Alfredo Rodríguez Trío inaugurando esta edición (29 de noviembre). Este festival que congrega una variedad de artistas consagrados como José Luis Castillo, Federico y Mario Prisuelos (30 de noviembre), a los que se unirán jóvenes intérpretes como Alicia González de la Fe y Luis Sánchez (1 de diciembre) que aportarán frescura a la propuesta. Como clausura, ‘Memorial Tete Montoliu’ (2 de diciembre) nos darán la oportunidad de disfrutar del concierto interpretado por Ignacio Terrasa (piano), Horacio Fumero (contrabajo), David Xirgu (Batería), Laura Simó (voz) y José Alberto Medina (piano).
El Auditorio Alfredo Kraus presenta un ‘Bono Piano’ que permite acceder a todos los conciertos de esta séptima edición y llegar así a nuevos públicos.",https://entrees.es/checkout/play-schubert-ligetiyligeti/11064,https://media.entrees.es/2c0839408081fbcd2f5e91f564a414e1.webp?q=2a358a743598fb29f29d25aae2afe2b3
VERNIX VIRTUAL,01 de Dic.,TEATRO PÉREZ GALDÓS,20:00,No definido,Desde 9.00 €,"""Vernix Virtual"", obra performance, escrita y dirigida por la dramaturga grancanaria Noemí Pérez, que adentra al espectador en el universo de la Inteligencia Artificial y a ésta en la misma esencia de la interpretación.",https://entrees.es/checkout/vernix-virtual/10906,https://media.entrees.es/dc24b613b9ba29dd2dc07ee4e02ba897.webp?q=8595ffdc76b9e3fabb05c1c71cc2128d
JOVENES INTERPRETES,01 de Dic.,AUDITORIO ALFREDO KRAUS,20:00,No definido,Desde 6.00 €,"'El mundo en un piano' es un Festival Internacional dedicado al instrumento y sus intérpretes. Pianistas de distintos estilos, procedencias y formas de entender la música. El Festival también le dedica un espacio a la presencia de jóvenes artistas canarios, que en esta ocasión están representados por Luis Sánchez y Alicia González de la Fe.

Los Jóvenes Intérpretes de 'El mundo en un piano de este Festival son Luis Sánchez y Alicia González de la Fe.
Luis Sánchez
Luis Sánchez Guerra, compositor/pianista nacido en las Palmas de Gran Canaria. Comienza su trayectoria como pianista autodidacta e improvisador para luego trabajar los fundamentos del jazz en la escuela de 'Fábrica La Isleta', que le serviría de soporte para acceder a la prestigiosa universidad Berklee College of Music, con sede en Boston, Massachusetts.
Ha colaborado en proyectos de grandes artistas como Sonah Jobarteh, Trinidad Jiménez, Yul Ballesteros, José Ángel Vera, y Kai Gibson, entre otros, así como en formatos de jazz ocasionales tanto en Boston como en las islas Canarias. También ha participado en agrupaciones como la Banda Sinfónica Municipal de Gran Canaria y en la agrupación Ensemble Diario Sonoro del bajista y compositor Nelson Saavedra, donde Luis ha hecho de intérprete, compositor y director. Luis Sánchez destaca por su originalidad en su repertorio original y sus improvisaciones de piano solo, que ha grabado mayormente en su estancia en Boston.
Alicia González de la Fe
Alicia González de la Fe comenzó su formación musical en la escuela yamaha participando en varios concursos nacionales e internacionales de la escuela. Posteriormente inició sus estudios profesionales de música en el Conservatorio de Las Palmas de Gran Canaria, graduándose en 2022 con matrícula de honor y obteniendo el premio extraordinario de Fin de Grado de Canarias. Además, ha tocado con diversos conjuntos de cámara así como con varias bandas, combos y Big Bands. Actualmente cursa estudios superiores de interpretación y composición en el Conservatorio Superior de Canarias.",https://entrees.es/checkout/jovenes-interpretes/11063,https://media.entrees.es/2f5cd658521c994d78984812324d1284.webp?q=74bd819dbdd3033cbee4fdcd5ab9078b
"""VIAJE A TRAVÉS DE MI VOZ"" DE THANIA GIL",01 de Dic.,"Centro Cultural Federico García Lorca, Ingenio",20:30,1 Horas 15 Minutos,10.00 €,"  Thania Gil una enamorada de su trabajo y de lo que hace, nos lo demuestra, en cada proyecto en el que se sumerge. En este concierto, nos canta con su voz rasgada y melosa, con mucha alma para llegarnos muy adentro. Sin duda una experiencia para los sentidos. Ella que se ha recorrido el archipiélago, península y extranjero, acompañando y siendo acompañada por grandes artistas reconocidos en el panorama musical canario y nacional, tiene un estilo muy personal, y no se resiste a nada. Es en La Voz, conocido programa de televisión, donde Thania se hace un hueco más grande si cabe, para entrar por la pequeña pantalla.",https://entrees.es/checkout/viaje-a-traves-de-mi-voz-de-thania-gil/11053,https://media.entrees.es/6350a0a1beb190186fa52eeb5161d39d.webp?q=84690d52f088214add9a0e55dd416690
PULGARCITA. El Regreso a La Charca,2 y 3 de diciembre,Teatro Municipal Juan Ramón Jiménez,HORAS EN ENLACE DE COMPRA,1 Horas,8.00 €,"PULGARCITA. El Regreso a La Charca
  Pulgarcita es un ser mágico, un hada que dedica su existencia a cuidar de la naturaleza y hacer de este planeta un mundo mejor. En esta ocasión, regresa a la charca de Cuentópolis para encontrarse con los amigos que la salvaron de pequeña y se convirtieron en sus cuidadores. Pulgarcita se da cuenta que en el ciclo de la vida el tiempo pasa y ahora deberá ser ella quien se encargue de que en la charca todos los animalitos estén a salvo de los peligros que les acechan.",https://entrees.es/checkout/pulgarcita-el-regreso-a-la-charca/11120,https://media.entrees.es/f924a815e6cfa5779bef3b7e6becbb4c.webp?q=9bafc8aac5559599d6194260d50c0444
"TRIBUTO A LA CANCIÓN ESPAÑOLA ""ROMINA HERNÁNDEZ""",02 de Dic.,"Centro Cultural Federico García Lorca, Ingenio",20:00,1 Horas,10.00 €,"TRIBUTO A LA CANCIÓN ESPAÑOLA ""ROMINA HERNÁNDEZ""
  Romina Hernández, comienza su andadura profesional a la edad de 12 años, pese a su corta edad se sube a los escenarios de pueblo en pueblo cantando su género favorito, La Canción Española, decantándose siempre por las grandes, Marifé de Triana e Isabel Pantoja, entre otras.

Participa en televisiones locales de la época y las radios de las comarcas hasta que le ofrecen seguir en el mundo musical pero en otro registro, siendo solista en grupos de verbenas, pero sin dejar aún lado su pasión por la copla.

Con este espectáculo, TRUBUTO A LA CANCIÓN ESPAÑOLA “Todo por un sueño” quiere demostrar su amor por la música y por su público.",https://entrees.es/checkout/tributo-a-la-cancion-espanola-romina-hernandez/11037,https://media.entrees.es/d2f8e3831a42a97a6f1338a767b12841.webp?q=d42a4fc9888cac27265b3528c000bc4b
MEMORIAL TETE MONTOLIU,02 de Dic.,AUDITORIO ALFREDO KRAUS,20:30,No definido,Desde 10.80 €,"'Memorial Tete Montoliu' es un homenaje a la figura y obra del músico de jazz más internacional de nuestro país, en el aniversario de su 90 cumpleaños, ofrecido por Ignacio Terrasa, Horacio Fumero, David Xirgu, Laura Simó y como invitados, José Alberto medina y Albert Bover. Que tuvieron un vínculo artístico y personal con el pianista catalán.
La figura de Tete Montoliu es capital para la proyección del lenguaje del jazz en el mundo desde el continente europeo. En el transcurso de su carrera graba más de un centenar de discos donde deja patente su aportación como músico de jazz absoluto y como pianista de este lenguaje con una identidad propia y diferenciadora, que le consagra como uno de los grandes del género.
Este concierto se celebra en el marco del 'VII Festival Internacional El mundo en un piano'.

'Memorial Tete Montoliu' es un homenaje al músico de jazz más internacional de nuestro país, ofrecido por Ignacio Terrasa, Horacio Fumero, David Xirgu, Laura Simó y José Alberto medina, en el marco del 'VII Festival Internacional El mundo en un piano'.
Tete Montoliu (Barcelona 1933-1997) es una su figura capital para la proyección del lenguaje del jazz al mundo desde el continente europeo, desde que fue apadrinado por Lionel Hampton y consagrado como uno de los grandes del género junto a Dexter Gordon, Ron Carter, Johnny Griffin, Bobby Hutcherson, Ben Webster o el mismo Dizzy Gillespie. 
En el transcurso de su carrera graba más de un centenar de discos donde deja patente su aportación como músico de jazz absoluto y como pianista de este lenguaje con una identidad propia y diferenciadora. Es por eso y por otras muchas razones, que en recuerdo de los 25 años de su ausencia ycon motivo de la celebración en 2023 de su 90 cumpleaños, hemos considerado oportuno y necesario activar esta propuesta extraordinaria para mantener vivo y en escena el recuerdo de su figura y obra.
Una iniciativa de Km. 0 en el sentido que tiene como protagonistas una formación base y unos invitados diversos que tuvieron un vínculo de máxima proximidad con el pianista catalán, tanto a nivel artístico como personal.
Los músicos con los que compartió jazz
Este es el caso del contrabajista Horacio Fumero que, junto con el baterista Peer Wyboris, fue la mano derecha de su trío estable durante los últimos veinte años de su carrera; la vocalista Laura Simó, que fue la última voz que incorporó en sus formaciones; el pianista Ignasi Terraza, con quien no tan solo compartió cómo sobrellevar las limitaciones de la ceguera, sino también las claves del swing y el blues a través de su instrumento, y el baterista Aldo Caviglia, quien participó en la grabación histórica del Palau de la Música el año 1979 y que fue uno de los puntales del pianista en esa época.
El eje principal del repertorio está centrado en una selección de piezas que definen el universo de Tete Montoliu, ya sea a través de sus propios temas o de los de aquellos músicos y géneros que reinterpretó con el sello que lo distinguió entre los más grandes.
Con la voluntad de enriquecer y conceder más opciones a la formación base que conforma este trío, más voz, los programadores también pueden optar a escoger entre una nómina de invitados según disponibilidad y condiciones respectivas. 
Entre las diferentes opciones figuran los nombres de pianistas como:  Chano Domínguez, Albert Bover, Manel Camp i Elisabet Raspall; el contrabajista Javier Colina, el trompetista Josep Maria Farràs, el saxofonista Eladio Reinón, el baterista David Xirgu y la vocalista Carme Canela.
El ‘VII Festival Internacional ‘El mundo en un piano’
El ‘VII Festival Internacional ‘El mundo en un piano’, coorganizado por la Fundación Auditorio y Teatro Las Palmas de Gran Canaria y Fábrica La Isleta, se celebrará del 30 de noviembre al 3 de diciembre de 2023, presentando un cartel con Alfredo Rodríguez Trío inaugurando esta edición (29 de noviembre). Este festival que congrega una variedad de artistas consagrados como José Luis Castillo, Federico y Mario Prisuelos (30 de noviembre), a los que se unirán jóvenes intérpretes como Alicia González de la Fe y Luis Sánchez (1 de diciembre) que aportarán frescura a la propuesta. Como clausura, ‘Memorial Tete Montoliu’ (2 de diciembre) nos darán la oportunidad de disfrutar del concierto interpretado por Ignacio Terrasa (piano), Horacio Fumero (contrabajo), David Xirgu (Batería), Laura Simó (voz) y José Alberto Medina (piano).
El Auditorio Alfredo Kraus presenta un ‘Bono Piano’ que permite acceder a todos los conciertos de esta séptima edición y llegar así a nuevos públicos.",https://entrees.es/checkout/memorial-tete-montoliu/11062,https://media.entrees.es/61f0f7bf0679282ae29ab3d13004f212.webp?q=a4db7ec8a21f10fed6cdd1b29d7d5959
Orq. Comunitaria Gran Canaria,03 de Dic.,AUDITORIO ALFREDO KRAUS,18:00,No definido,Desde 12.00 €,"Tras el éxito de PLAY en 2022, agotando las entradas de dos funciones con más de 2800 espectadores, vuelve al Auditorio Alfredo Kraus la música de cine con PLAY vol. 2.

Una oportunidad única de poder disfrutar de la mejor “música extraterrestre”, con títulos tan aclamados como Alien, E.T., La llegada, Star Trek, Star Wars y Señales, entre otros. Toda una ocasión para los amantes del género de ciencia ficción.
PLAY vol. 2 cuenta también con el estreno absoluto de “Planet Aurora”, obra del compositor grancanario Héctor Muñoz, que recrea “Los Robots del Amanecer” de Isaac Asimov, una de las obras de ciencia ficción espacial más emblemáticas de la literatura, cuando se cumple el 40º aniversario de su publicación.
Orquesta Comunitaria de Gran Canaria
David Crespo López, director.",https://entrees.es/checkout/Orq.-Comunitaria-Gran-Canaria/8412,https://media.entrees.es/93fba9fc5f290afd23c116652c716ad6.webp?q=2784d1cd8003a307abda9d93dbca6218
EL MUSICAL TADEO JONES,6 y 7 diciembre,Teatro Municipal Juan Ramón Jiménez,HORAS EN ENLACE DE COMPRA,1 Horas,17.00 €,"EL MUSICAL TADEO JONES
  El personaje de animación más importante de la historia del cine español, Tadeo Jones, se hace realidad para que puedas disfrutar de sus aventuras en carne y hueso en el único musical oficial de Tadeo Jones.

Una aventura con temas musicales originales que se unen a los de la película con impresionantes voces en directo y una puesta en escena totalmente innovadora a través de video mapping acompañada con actores, cantantes y bailarines que te harán sentir en vivo la última aventura de Tadeo Jones en busca de la tabla Esmeralda.",https://entrees.es/checkout/el-musical-tadeo-jones/11074,https://media.entrees.es/6fdc055841ff5aea001aeaf0109f305b.webp?q=f85562740dbd6c68ad9001ce09bef15c
CONCIERTO DE APERTURA,06 de Dic.,AUDITORIO ALFREDO KRAUS,20:30,No definido,Desde 15.00 €,"Gran Canaria Wind Orchestra & solistas de saxofón. La ciudad de Las Palmas de Gran Canaria tiene el honor de ser la sede organizadora de este importante evento mundial que reúne a los más reconocidos saxofonistas de todas partes del mundo

Una oportunidad única de disfrutar de los mejores saxofonistas del mundo acompañados por la Gran Canaria Wind Orchestra cuyo repertorio se centrará en estrenos absolutos escritos especialmente para el Congreso con repertorio original para banda con solista de saxofón. Entre el elenco de saxofonistas internacionales podremos escuchar a Claude Delangle (Francia), Jerome Laran (Francia), Mario Marzi (Italia), Alfonso Padilla (España) y Fran Catalá (España). ",https://entrees.es/checkout/concierto-de-apertura/11108,https://media.entrees.es/c65ccdf1e29b3b115c37429a0438b1bb.webp?q=99e63530a02cbfcadef6a39a81061df0
